1,0,8193,6.1,50014.0,1,4.48,0
2,1,8193,6.1,50014.0,1,4.48,0
5,4,8193,6.1,50014.0,1,4.48,0
3,2,8193,6.1,50014.0,1,4.48,0
4,3,8193,6.1,50014.0,1,4.48,0
6,0,7962,6.47,51500.0,1,4.48,0
9,3,7962,6.47,51500.0,1,4.48,0
8,2,7962,6.47,51500.0,1,4.48,0
7,1,7962,6.47,51500.0,1,4.48,0
10,4,7962,6.47,51500.0,1,4.48,0
14,3,7742,7.26,56194.0,1,4.48,0
11,0,7742,7.26,56194.0,1,4.48,0
12,1,7742,7.26,56194.0,1,4.48,0
15,4,7742,7.26,56194.0,1,4.48,0
13,2,7742,7.26,56194.0,1,4.48,0
16,0,7616,6.76,51478.0,1,4.48,0
18,2,7616,6.76,51478.0,1,4.48,0
20,4,7616,6.76,51478.0,1,4.48,0
17,1,7616,6.76,51478.0,1,4.48,0
19,3,7616,6.76,51478.0,1,4.48,0
21,0,7976,10.01,79845.0,1,4.48,0
24,3,7976,10.01,79845.0,1,4.48,0
22,1,7976,10.01,79845.0,1,4.48,0
23,2,7976,10.01,79845.0,1,4.48,0
25,4,7976,10.01,79845.0,1,4.48,0
26,0,7634,6.92,52838.0,1,4.48,0
27,1,7634,6.92,52838.0,1,4.48,0
30,4,7634,6.92,52838.0,1,4.48,0
29,3,7634,6.92,52838.0,1,4.48,0
28,2,7634,6.92,52838.0,1,4.48,0
32,1,7850,9.27,72766.0,1,4.48,0
31,0,7850,9.27,72766.0,1,4.48,0
33,2,7850,9.27,72766.0,1,4.48,0
35,4,7850,9.27,72766.0,1,4.48,0
34,3,7850,9.27,72766.0,1,4.48,0
37,1,7954,7.35,58500.0,1,4.48,0
38,2,7954,7.35,58500.0,1,4.48,0
39,3,7954,7.35,58500.0,1,4.48,0
40,4,7954,7.35,58500.0,1,4.48,0
43,2,7659,6.44,49347.0,1,4.48,0
44,3,7659,6.44,49347.0,1,4.48,0
41,0,7659,6.44,49347.0,1,4.48,0
42,1,7659,6.44,49347.0,1,4.48,0
45,4,7659,6.44,49347.0,1,4.48,0
48,2,7640,8.22,62807.0,1,4.48,0
47,1,7640,8.22,62807.0,1,4.48,0
49,3,7640,8.22,62807.0,1,4.48,0
50,4,7640,8.22,62807.0,1,4.48,0
51,0,7755,7.17,55616.0,1,4.48,0
53,2,7755,7.17,55616.0,1,4.48,0
54,3,7755,7.17,55616.0,1,4.48,0
52,1,7755,7.17,55616.0,1,4.48,0
55,4,7755,7.17,55616.0,1,4.48,0
56,0,7711,7.61,58692.0,1,4.48,0
58,2,7711,7.61,58692.0,1,4.48,0
57,1,7711,7.61,58692.0,1,4.48,0
60,4,7711,7.61,58692.0,1,4.48,0
59,3,7711,7.61,58692.0,1,4.48,0
61,0,8266,6.09,50372.0,1,4.48,0
62,1,8362,7.06,59023.0,1,4.48,0
63,2,8362,7.06,59023.0,1,4.48,0
64,3,8362,7.06,59023.0,1,4.48,0
65,4,8362,7.06,59023.0,1,4.48,0
66,0,7601,6.53,49629.0,1,4.48,0
67,1,7601,6.53,49629.0,1,4.48,0
68,2,7601,6.53,49629.0,1,4.48,0
70,4,7601,6.53,49629.0,1,4.48,0
69,3,7601,6.53,49629.0,1,4.48,0
72,1,7762,6.87,53329.0,1,4.48,0
75,4,7762,6.87,53329.0,1,4.48,0
74,3,7762,6.87,53329.0,1,4.48,0
73,2,7762,6.87,53329.0,1,4.48,0
71,0,7892,14.57,114960.0,1,4.48,0
76,0,7744,8.63,66808.0,1,4.48,0
78,2,8193,8.31,68057.0,1,4.48,0
77,1,8193,8.31,68057.0,1,4.48,0
79,3,8193,8.31,68057.0,1,4.48,0
80,4,8193,8.31,68057.0,1,4.48,0
81,0,7891,5.22,41204.0,1,4.48,0
82,1,7891,5.22,41204.0,1,4.48,0
84,3,7891,5.22,41204.0,1,4.48,0
83,2,7891,5.22,41204.0,1,4.48,0
85,4,7891,5.22,41204.0,1,4.48,0
89,3,8191,8.18,66988.0,1,4.48,0
86,0,8191,8.18,66988.0,1,4.48,0
87,1,8191,8.18,66988.0,1,4.48,0
88,2,8191,8.18,66988.0,1,4.48,0
90,4,8191,8.18,66988.0,1,4.48,0
91,0,7593,10.23,77713.0,1,4.48,0
94,3,7593,10.23,77713.0,1,4.48,0
92,1,7593,10.23,77713.0,1,4.48,0
93,2,7593,10.23,77713.0,1,4.48,0
95,4,7593,10.23,77713.0,1,4.48,0
96,0,8018,10.22,81928.0,1,4.48,0
97,1,8018,10.22,81928.0,1,4.48,0
99,3,8018,10.22,81928.0,1,4.48,0
98,2,8018,10.22,81928.0,1,4.48,0
100,4,8018,10.22,81928.0,1,4.48,0
102,1,7975,10.18,81202.0,1,4.48,0
103,2,7975,10.18,81202.0,1,4.48,0
104,3,7975,10.18,81202.0,1,4.48,0
105,4,7975,10.18,81202.0,1,4.48,0
106,0,7977,5.74,45780.0,1,4.48,0
107,1,7977,5.74,45780.0,1,4.48,0
109,3,7977,5.74,45780.0,1,4.48,0
108,2,7977,5.74,45780.0,1,4.48,0
110,4,7977,5.74,45780.0,1,4.48,0
112,1,7693,11.27,86710.0,1,4.48,0
111,0,7693,11.27,86710.0,1,4.48,0
115,4,7693,11.27,86710.0,1,4.48,0
114,3,7693,11.27,86710.0,1,4.48,0
113,2,7693,11.27,86710.0,1,4.48,0
118,2,7967,12.33,98265.0,1,4.48,0
117,1,7967,12.33,98265.0,1,4.48,0
116,0,7967,12.33,98265.0,1,4.48,0
120,4,7967,12.33,98265.0,1,4.48,0
119,3,7967,12.33,98265.0,1,4.48,0
121,0,8333,5.78,48174.0,1,4.48,0
124,3,8333,5.78,48174.0,1,4.48,0
122,1,8333,5.78,48174.0,1,4.48,0
123,2,8333,5.78,48174.0,1,4.48,0
125,4,8333,5.78,48174.0,1,4.48,0
127,1,8295,6.96,57764.0,1,4.48,0
128,2,8295,6.96,57764.0,1,4.48,0
129,3,8295,6.96,57764.0,1,4.48,0
130,4,8295,6.96,57764.0,1,4.48,0
126,0,8435,14.34,120946.0,1,4.48,0
131,0,7824,6.11,47819.0,1,4.48,0
132,1,7824,6.11,47819.0,1,4.48,0
133,2,7824,6.11,47819.0,1,4.48,0
135,4,7824,6.11,47819.0,1,4.48,0
134,3,7824,6.11,47819.0,1,4.48,0
136,0,7829,8.88,69532.0,1,4.48,0
137,1,7829,8.88,69532.0,1,4.48,0
138,2,7829,8.88,69532.0,1,4.48,0
140,4,7829,8.88,69532.0,1,4.48,0
139,3,7829,8.88,69532.0,1,4.48,0
141,0,8197,8.01,65696.0,1,4.48,0
142,1,8197,8.01,65696.0,1,4.48,0
144,3,8197,8.01,65696.0,1,4.48,0
143,2,8197,8.01,65696.0,1,4.48,0
145,4,8197,8.01,65696.0,1,4.48,0
147,1,7444,7.34,54603.0,1,4.48,0
146,0,7444,7.34,54603.0,1,4.48,0
150,4,7444,7.34,54603.0,1,4.48,0
148,2,7444,7.34,54603.0,1,4.48,0
149,3,7444,7.34,54603.0,1,4.48,0
151,0,8193,11.39,93286.0,1,4.48,0
152,1,8193,11.39,93286.0,1,4.48,0
154,3,8193,11.39,93286.0,1,4.48,0
153,2,8193,11.39,93286.0,1,4.48,0
155,4,8193,11.39,93286.0,1,4.48,0
156,0,8192,8.58,70259.0,1,4.48,0
158,2,8192,8.58,70259.0,1,4.48,0
157,1,8192,8.58,70259.0,1,4.48,0
160,4,8192,8.58,70259.0,1,4.48,0
159,3,8192,8.58,70259.0,1,4.48,0
164,3,7784,6.55,51002.0,1,4.48,0
162,1,7784,6.55,51002.0,1,4.48,0
161,0,7784,6.55,51002.0,1,4.48,0
163,2,7784,6.55,51002.0,1,4.48,0
165,4,7784,6.55,51002.0,1,4.48,0
166,0,7852,8.95,70304.0,1,4.48,0
167,1,7852,8.95,70304.0,1,4.48,0
168,2,7852,8.95,70304.0,1,4.48,0
169,3,7852,8.95,70304.0,1,4.48,0
170,4,7852,8.95,70304.0,1,4.48,0
171,0,7513,5.48,41203.0,1,4.48,0
173,2,7513,5.48,41203.0,1,4.48,0
172,1,7513,5.48,41203.0,1,4.48,0
175,4,7513,5.48,41203.0,1,4.48,0
174,3,7513,5.48,41203.0,1,4.48,0
177,1,7891,5.53,43618.0,1,4.48,0
179,3,7891,5.53,43618.0,1,4.48,0
176,0,7891,5.53,43618.0,1,4.48,0
178,2,7891,5.53,43618.0,1,4.48,0
180,4,7891,5.53,43618.0,1,4.48,0
183,2,7423,8.6,63828.0,1,4.48,0
184,3,7423,8.6,63828.0,1,4.48,0
182,1,7423,8.6,63828.0,1,4.48,0
185,4,7423,8.6,63828.0,1,4.48,0
181,0,7893,6.77,53411.0,1,4.48,0
187,1,8009,10.5,84129.0,1,4.48,0
188,2,8009,10.5,84129.0,1,4.48,0
189,3,8009,10.5,84129.0,1,4.48,0
190,4,8009,10.5,84129.0,1,4.48,0
186,0,8486,8.15,69178.0,1,4.48,0
191,0,7419,5.7,42293.0,1,4.48,0
192,1,7540,9.62,72514.0,1,4.48,0
193,2,7540,9.62,72514.0,1,4.48,0
195,4,7540,9.62,72514.0,1,4.48,0
194,3,7540,9.62,72514.0,1,4.48,0
196,0,3872,4.46,17257.0,1,4.48,0
198,2,8349,6.68,55803.0,1,4.48,0
197,1,8349,6.68,55803.0,1,4.48,0
199,3,8349,6.68,55803.0,1,4.48,0
200,4,8349,6.68,55803.0,1,4.48,0
202,1,7619,5.51,41988.0,1,4.48,0
204,3,7619,5.51,41988.0,1,4.48,0
203,2,7619,5.51,41988.0,1,4.48,0
205,4,7619,5.51,41988.0,1,4.48,0
206,0,7783,8.5,66194.0,1,4.48,0
207,1,7783,8.5,66194.0,1,4.48,0
209,3,7783,8.5,66194.0,1,4.48,0
208,2,7783,8.5,66194.0,1,4.48,0
210,4,7783,8.5,66194.0,1,4.48,0
213,2,7760,6.23,48309.0,1,4.48,0
211,0,7760,6.23,48309.0,1,4.48,0
214,3,7760,6.23,48309.0,1,4.48,0
215,4,7760,6.23,48309.0,1,4.48,0
212,1,7760,6.23,48309.0,1,4.48,0
217,1,7825,6.01,47024.0,1,4.48,0
220,4,7825,6.01,47024.0,1,4.48,0
216,0,7825,6.01,47024.0,1,4.48,0
218,2,7825,6.01,47024.0,1,4.48,0
219,3,7825,6.01,47024.0,1,4.48,0
221,0,7608,7.66,58304.0,1,4.48,0
222,1,7608,7.66,58304.0,1,4.48,0
224,3,7608,7.66,58304.0,1,4.48,0
225,4,7608,7.66,58304.0,1,4.48,0
223,2,7608,7.66,58304.0,1,4.48,0
227,1,7638,7.04,53800.0,1,4.48,0
226,0,7638,7.04,53800.0,1,4.48,0
228,2,7638,7.04,53800.0,1,4.48,0
229,3,7638,7.04,53800.0,1,4.48,0
230,4,7638,7.04,53800.0,1,4.48,0
231,0,7826,5.49,42964.0,1,4.48,0
233,2,7826,5.49,42964.0,1,4.48,0
232,1,7826,5.49,42964.0,1,4.48,0
235,4,7826,5.49,42964.0,1,4.48,0
234,3,7826,5.49,42964.0,1,4.48,0
237,1,7925,7.82,61962.0,1,4.48,0
236,0,7925,7.82,61962.0,1,4.48,0
240,4,7925,7.82,61962.0,1,4.48,0
239,3,7925,7.82,61962.0,1,4.48,0
238,2,7925,7.82,61962.0,1,4.48,0
241,0,7628,7.8,59509.0,1,4.48,0
242,1,7628,7.8,59509.0,1,4.48,0
243,2,7628,7.8,59509.0,1,4.48,0
244,3,7628,7.8,59509.0,1,4.48,0
245,4,7628,7.8,59509.0,1,4.48,0
247,1,7946,5.41,42967.0,1,4.48,0
246,0,7946,5.41,42967.0,1,4.48,0
250,4,7946,5.41,42967.0,1,4.48,0
249,3,7946,5.41,42967.0,1,4.48,0
248,2,7946,5.41,42967.0,1,4.48,0
252,1,8190,7.66,62704.0,1,4.48,0
253,2,8190,7.66,62704.0,1,4.48,0
254,3,8190,7.66,62704.0,1,4.48,0
255,4,8190,7.66,62704.0,1,4.48,0
259,3,8026,7.13,57220.0,1,4.48,0
258,2,8026,7.13,57220.0,1,4.48,0
257,1,8026,7.13,57220.0,1,4.48,0
260,4,8026,7.13,57220.0,1,4.48,0
256,0,8193,7.97,65296.0,1,4.48,0
261,0,3238,3.88,12558.0,1,4.48,0
264,3,8302,6.65,55184.0,1,4.48,0
262,1,8302,6.65,55184.0,1,4.48,0
263,2,8302,6.65,55184.0,1,4.48,0
265,4,8302,6.65,55184.0,1,4.48,0
267,1,8272,12.04,99579.0,1,4.48,0
266,0,8272,12.04,99579.0,1,4.48,0
269,3,8272,12.04,99579.0,1,4.48,0
268,2,8272,12.04,99579.0,1,4.48,0
270,4,8272,12.04,99579.0,1,4.48,0
273,2,7448,6.68,49754.0,1,4.48,0
272,1,7448,6.68,49754.0,1,4.48,0
275,4,7448,6.68,49754.0,1,4.48,0
274,3,7448,6.68,49754.0,1,4.48,0
271,0,7448,6.68,49754.0,1,4.48,0
276,0,8188,7.5,61429.0,1,4.48,0
278,2,8188,7.5,61429.0,1,4.48,0
280,4,8188,7.5,61429.0,1,4.48,0
277,1,8188,7.5,61429.0,1,4.48,0
279,3,8188,7.5,61429.0,1,4.48,0
282,1,8189,6.68,54718.0,1,4.48,0
283,2,8189,6.68,54718.0,1,4.48,0
281,0,8189,6.68,54718.0,1,4.48,0
284,3,8189,6.68,54718.0,1,4.48,0
285,4,8189,6.68,54718.0,1,4.48,0
286,0,8401,6.12,51422.0,1,4.48,0
287,1,8401,6.12,51422.0,1,4.48,0
289,3,8401,6.12,51422.0,1,4.48,0
290,4,8401,6.12,51422.0,1,4.48,0
288,2,8401,6.12,51422.0,1,4.48,0
291,0,7875,11.07,87167.0,1,4.48,0
294,3,7875,11.07,87167.0,1,4.48,0
292,1,7875,11.07,87167.0,1,4.48,0
293,2,7875,11.07,87167.0,1,4.48,0
295,4,7875,11.07,87167.0,1,4.48,0
300,4,8345,8.88,74139.0,1,4.48,0
296,0,8345,8.88,74139.0,1,4.48,0
299,3,8345,8.88,74139.0,1,4.48,0
298,2,8345,8.88,74139.0,1,4.48,0
297,1,8345,8.88,74139.0,1,4.48,0
301,0,7892,6.99,55153.0,1,4.48,0
302,1,7892,6.99,55153.0,1,4.48,0
303,2,7892,6.99,55153.0,1,4.48,0
304,3,7892,6.99,55153.0,1,4.48,0
305,4,7892,6.99,55153.0,1,4.48,0
307,1,7527,6.48,48750.0,1,4.48,0
306,0,7527,6.48,48750.0,1,4.48,0
310,4,7527,6.48,48750.0,1,4.48,0
308,2,7527,6.48,48750.0,1,4.48,0
309,3,7527,6.48,48750.0,1,4.48,0
312,1,8165,10.24,83585.0,1,4.48,0
315,4,8165,10.24,83585.0,1,4.48,0
313,2,8165,10.24,83585.0,1,4.48,0
311,0,8165,10.24,83585.0,1,4.48,0
314,3,8165,10.24,83585.0,1,4.48,0
318,2,7504,6.5,48795.0,1,4.48,0
317,1,7504,6.5,48795.0,1,4.48,0
316,0,7504,6.5,48795.0,1,4.48,0
319,3,7504,6.5,48795.0,1,4.48,0
320,4,7504,6.5,48795.0,1,4.48,0
323,2,7978,7.77,62012.0,1,4.48,0
324,3,7978,7.77,62012.0,1,4.48,0
322,1,7978,7.77,62012.0,1,4.48,0
325,4,7978,7.77,62012.0,1,4.48,0
321,0,8550,7.22,61763.0,1,4.48,0
326,0,8192,9.61,78708.0,1,4.48,0
327,1,8192,9.61,78708.0,1,4.48,0
330,4,8192,9.61,78708.0,1,4.48,0
329,3,8192,9.61,78708.0,1,4.48,0
328,2,8192,9.61,78708.0,1,4.48,0
331,0,7462,6.49,48408.0,1,4.48,0
332,1,7462,6.49,48408.0,1,4.48,0
333,2,7885,6.56,51698.0,1,4.48,0
334,3,7885,6.56,51698.0,1,4.48,0
335,4,7885,6.56,51698.0,1,4.48,0
337,1,8331,8.92,74304.0,1,4.48,0
336,0,8331,8.92,74304.0,1,4.48,0
338,2,8331,8.92,74304.0,1,4.48,0
340,4,8331,8.92,74304.0,1,4.48,0
339,3,8331,8.92,74304.0,1,4.48,0
342,1,8192,8.38,68658.0,1,4.48,0
344,3,8192,8.38,68658.0,1,4.48,0
345,4,8192,8.38,68658.0,1,4.48,0
343,2,8192,8.38,68658.0,1,4.48,0
341,0,8192,8.38,68658.0,1,4.48,0
347,1,7642,7.08,54142.0,1,4.48,0
346,0,7642,7.08,54142.0,1,4.48,0
348,2,7642,7.08,54142.0,1,4.48,0
349,3,7642,7.08,54142.0,1,4.48,0
350,4,7642,7.08,54142.0,1,4.48,0
351,0,7188,8.36,60074.0,1,4.48,0
352,1,7188,8.36,60074.0,1,4.48,0
354,3,7188,8.36,60074.0,1,4.48,0
353,2,7188,8.36,60074.0,1,4.48,0
355,4,7188,8.36,60074.0,1,4.48,0
356,0,8070,7.35,59277.0,1,4.48,0
357,1,8320,8.87,73791.0,1,4.48,0
360,4,8320,8.87,73791.0,1,4.48,0
359,3,8320,8.87,73791.0,1,4.48,0
358,2,8320,8.87,73791.0,1,4.48,0
363,2,7877,6.94,54681.0,1,4.48,0
362,1,7877,6.94,54681.0,1,4.48,0
365,4,7877,6.94,54681.0,1,4.48,0
364,3,7877,6.94,54681.0,1,4.48,0
368,2,7991,5.56,44394.0,1,4.48,0
366,0,8000,5.12,40976.0,1,4.48,0
367,1,8000,5.12,40976.0,1,4.48,0
370,4,7991,5.56,44394.0,1,4.48,0
369,3,7991,5.56,44394.0,1,4.48,0
371,0,8279,6.72,55648.0,1,4.48,0
373,2,8279,6.72,55648.0,1,4.48,0
375,4,8279,6.72,55648.0,1,4.48,0
374,3,8279,6.72,55648.0,1,4.48,0
372,1,8279,6.72,55648.0,1,4.48,0
376,0,7675,7.35,56414.0,1,4.48,0
379,3,7827,6.62,51806.0,1,4.48,0
377,1,7827,6.62,51806.0,1,4.48,0
378,2,7827,6.62,51806.0,1,4.48,0
380,4,7827,6.62,51806.0,1,4.48,0
382,1,8286,10.77,89241.0,1,4.48,0
381,0,8286,10.77,89241.0,1,4.48,0
384,3,8286,10.77,89241.0,1,4.48,0
383,2,8286,10.77,89241.0,1,4.48,0
385,4,8286,10.77,89241.0,1,4.48,0
386,0,8191,7.41,60735.0,1,4.48,0
388,2,8361,7.2,60205.0,1,4.48,0
387,1,8361,7.2,60205.0,1,4.48,0
390,4,8361,7.2,60205.0,1,4.48,0
389,3,8361,7.2,60205.0,1,4.48,0
393,2,7762,8.7,67552.0,1,4.48,0
394,3,7762,8.7,67552.0,1,4.48,0
391,0,7762,8.7,67552.0,1,4.48,0
395,4,7762,8.7,67552.0,1,4.48,0
392,1,7762,8.7,67552.0,1,4.48,0
399,3,7451,7.23,53901.0,1,4.48,0
397,1,7451,7.23,53901.0,1,4.48,0
398,2,7451,7.23,53901.0,1,4.48,0
400,4,7451,7.23,53901.0,1,4.48,0
403,2,7585,6.13,46521.0,1,4.48,0
401,0,7585,6.13,46521.0,1,4.48,0
404,3,7585,6.13,46521.0,1,4.48,0
402,1,7585,6.13,46521.0,1,4.48,0
405,4,7585,6.13,46521.0,1,4.48,0
408,2,8464,7.8,66057.0,1,4.48,0
410,4,8464,7.8,66057.0,1,4.48,0
407,1,8464,7.8,66057.0,1,4.48,0
406,0,8464,7.8,66057.0,1,4.48,0
409,3,8464,7.8,66057.0,1,4.48,0
411,0,8295,9.04,75021.0,1,4.48,0
413,2,8295,9.04,75021.0,1,4.48,0
415,4,8295,9.04,75021.0,1,4.48,0
414,3,8295,9.04,75021.0,1,4.48,0
412,1,8295,9.04,75021.0,1,4.48,0
416,0,7733,6.76,52296.0,1,4.48,0
420,4,7733,6.76,52296.0,1,4.48,0
417,1,7733,6.76,52296.0,1,4.48,0
418,2,7733,6.76,52296.0,1,4.48,0
419,3,7733,6.76,52296.0,1,4.48,0
421,0,7391,6.14,45364.0,1,4.48,0
423,2,7888,10.17,80209.0,1,4.48,0
422,1,7888,10.17,80209.0,1,4.48,0
425,4,7888,10.17,80209.0,1,4.48,0
424,3,7888,10.17,80209.0,1,4.48,0
430,4,7733,8.06,62306.0,1,4.48,0
428,2,7733,8.06,62306.0,1,4.48,0
427,1,7733,8.06,62306.0,1,4.48,0
429,3,7733,8.06,62306.0,1,4.48,0
426,0,7733,8.06,62306.0,1,4.48,0
431,0,7585,7.75,58767.0,1,4.48,0
433,2,7585,7.75,58767.0,1,4.48,0
432,1,7585,7.75,58767.0,1,4.48,0
435,4,7585,7.75,58767.0,1,4.48,0
434,3,7585,7.75,58767.0,1,4.48,0
437,1,7999,8.2,65601.0,1,4.48,0
439,3,7999,8.2,65601.0,1,4.48,0
440,4,7999,8.2,65601.0,1,4.48,0
438,2,7999,8.2,65601.0,1,4.48,0
436,0,8197,10.16,83287.0,1,4.48,0
442,1,7977,5.03,40094.0,1,4.48,0
444,3,7977,5.03,40094.0,1,4.48,0
443,2,7977,5.03,40094.0,1,4.48,0
441,0,7977,5.03,40094.0,1,4.48,0
445,4,7977,5.03,40094.0,1,4.48,0
446,0,7240,6.69,48412.0,1,4.48,0
447,1,7930,11.23,89089.0,1,4.48,0
450,4,7930,11.23,89089.0,1,4.48,0
448,2,7930,11.23,89089.0,1,4.48,0
449,3,7930,11.23,89089.0,1,4.48,0
453,2,8002,7.28,58220.0,1,4.48,0
451,0,8002,7.28,58220.0,1,4.48,0
454,3,8002,7.28,58220.0,1,4.48,0
452,1,8002,7.28,58220.0,1,4.48,0
455,4,8002,7.28,58220.0,1,4.48,0
456,0,8188,5.97,48870.0,1,4.48,0
459,3,8188,5.97,48870.0,1,4.48,0
460,4,8188,5.97,48870.0,1,4.48,0
458,2,8188,5.97,48870.0,1,4.48,0
457,1,8188,5.97,48870.0,1,4.48,0
464,3,7734,8.56,66224.0,1,4.48,0
463,2,7734,8.56,66224.0,1,4.48,0
462,1,7734,8.56,66224.0,1,4.48,0
465,4,7734,8.56,66224.0,1,4.48,0
461,0,7734,8.56,66224.0,1,4.48,0
466,0,7505,10.57,79350.0,1,4.48,0
467,1,7774,7.82,60814.0,1,4.48,0
469,3,7774,7.82,60814.0,1,4.48,0
470,4,7774,7.82,60814.0,1,4.48,0
468,2,7774,7.82,60814.0,1,4.48,0
472,1,7899,6.95,54922.0,1,4.48,0
473,2,7899,6.95,54922.0,1,4.48,0
471,0,7899,6.95,54922.0,1,4.48,0
474,3,7899,6.95,54922.0,1,4.48,0
475,4,7899,6.95,54922.0,1,4.48,0
478,2,7826,7.85,61403.0,1,4.48,0
476,0,7826,7.85,61403.0,1,4.48,0
477,1,7826,7.85,61403.0,1,4.48,0
479,3,7826,7.85,61403.0,1,4.48,0
480,4,7826,7.85,61403.0,1,4.48,0
481,0,7958,12.34,98228.0,1,4.48,0
483,2,7958,12.34,98228.0,1,4.48,0
484,3,7958,12.34,98228.0,1,4.48,0
482,1,7958,12.34,98228.0,1,4.48,0
485,4,7958,12.34,98228.0,1,4.48,0
487,1,7790,7.98,62146.0,1,4.48,0
490,4,7790,7.98,62146.0,1,4.48,0
486,0,7718,9.8,75619.0,1,4.48,0
489,3,7790,7.98,62146.0,1,4.48,0
488,2,7790,7.98,62146.0,1,4.48,0
492,1,7639,6.3,48093.0,1,4.48,0
493,2,7639,6.3,48093.0,1,4.48,0
494,3,7639,6.3,48093.0,1,4.48,0
495,4,7639,6.3,48093.0,1,4.48,0
491,0,7750,8.32,64467.0,1,4.48,0
496,0,7861,9.83,77311.0,1,4.48,0
498,2,8229,7.35,60524.0,1,4.48,0
497,1,8229,7.35,60524.0,1,4.48,0
499,3,8229,7.35,60524.0,1,4.48,0
500,4,8229,7.35,60524.0,1,4.48,0
502,1,7915,7.81,61844.0,1,4.48,0
503,2,7915,7.81,61844.0,1,4.48,0
501,0,7915,7.81,61844.0,1,4.48,0
504,3,7915,7.81,61844.0,1,4.48,0
505,4,7915,7.81,61844.0,1,4.48,0
508,2,7695,6.12,47074.0,1,4.48,0
507,1,7695,6.12,47074.0,1,4.48,0
506,0,7695,6.12,47074.0,1,4.48,0
510,4,7695,6.12,47074.0,1,4.48,0
509,3,7695,6.12,47074.0,1,4.48,0
513,2,7593,5.67,43089.0,1,4.48,0
512,1,7593,5.67,43089.0,1,4.48,0
511,0,7593,5.67,43089.0,1,4.48,0
515,4,7593,5.67,43089.0,1,4.48,0
514,3,7593,5.67,43089.0,1,4.48,0
516,0,8323,11.71,97429.0,1,4.48,0
520,4,8323,11.71,97429.0,1,4.48,0
517,1,8323,11.71,97429.0,1,4.48,0
518,2,8323,11.71,97429.0,1,4.48,0
519,3,8323,11.71,97429.0,1,4.48,0
525,4,8191,9.33,76433.0,1,4.48,0
521,0,8191,9.33,76433.0,1,4.48,0
522,1,8191,9.33,76433.0,1,4.48,0
524,3,8191,9.33,76433.0,1,4.48,0
523,2,8191,9.33,76433.0,1,4.48,0
526,0,7870,7.99,62878.0,1,4.48,0
528,2,7870,7.99,62878.0,1,4.48,0
527,1,7870,7.99,62878.0,1,4.48,0
529,3,7870,7.99,62878.0,1,4.48,0
530,4,7870,7.99,62878.0,1,4.48,0
531,0,8101,6.47,52378.0,1,4.48,0
533,2,8101,6.47,52378.0,1,4.48,0
534,3,8101,6.47,52378.0,1,4.48,0
532,1,8101,6.47,52378.0,1,4.48,0
535,4,8101,6.47,52378.0,1,4.48,0
539,3,7828,5.22,40868.0,1,4.48,0
538,2,7828,5.22,40868.0,1,4.48,0
537,1,7828,5.22,40868.0,1,4.48,0
540,4,7828,5.22,40868.0,1,4.48,0
536,0,7814,10.83,84661.0,1,4.48,0
542,1,7729,8.86,68500.0,1,4.48,0
543,2,7729,8.86,68500.0,1,4.48,0
541,0,7729,8.86,68500.0,1,4.48,0
545,4,7729,8.86,68500.0,1,4.48,0
544,3,7729,8.86,68500.0,1,4.48,0
547,1,7403,8.38,62065.0,1,4.48,0
550,4,7403,8.38,62065.0,1,4.48,0
549,3,7403,8.38,62065.0,1,4.48,0
548,2,7403,8.38,62065.0,1,4.48,0
546,0,7745,10.44,80840.0,1,4.48,0
553,2,7759,5.53,42893.0,1,4.48,0
551,0,7759,5.53,42893.0,1,4.48,0
552,1,7759,5.53,42893.0,1,4.48,0
555,4,7759,5.53,42893.0,1,4.48,0
554,3,7759,5.53,42893.0,1,4.48,0
556,0,7676,6.65,51059.0,1,4.48,0
558,2,8339,6.64,55370.0,1,4.48,0
557,1,8339,6.64,55370.0,1,4.48,0
560,4,8339,6.64,55370.0,1,4.48,0
559,3,8339,6.64,55370.0,1,4.48,0
564,3,7445,7.77,57824.0,1,4.48,0
562,1,7445,7.77,57824.0,1,4.48,0
561,0,7445,7.77,57824.0,1,4.48,0
563,2,7445,7.77,57824.0,1,4.48,0
565,4,7445,7.77,57824.0,1,4.48,0
566,0,7524,5.39,40525.0,1,4.48,0
567,1,8190,6.21,50881.0,1,4.48,0
568,2,8190,6.21,50881.0,1,4.48,0
569,3,8190,6.21,50881.0,1,4.48,0
570,4,8190,6.21,50881.0,1,4.48,0
572,1,8192,8.86,72596.0,1,4.48,0
571,0,8192,8.86,72596.0,1,4.48,0
575,4,8192,8.86,72596.0,1,4.48,0
573,2,8192,8.86,72596.0,1,4.48,0
574,3,8192,8.86,72596.0,1,4.48,0
576,0,5624,6.96,39116.0,1,4.48,0
577,1,5624,6.96,39116.0,1,4.48,0
580,4,5624,6.96,39116.0,1,4.48,0
578,2,5624,6.96,39116.0,1,4.48,0
579,3,5624,6.96,39116.0,1,4.48,0
582,1,7942,9.16,72759.0,1,4.48,0
583,2,7942,9.16,72759.0,1,4.48,0
581,0,7942,9.16,72759.0,1,4.48,0
585,4,7942,9.16,72759.0,1,4.48,0
584,3,7942,9.16,72759.0,1,4.48,0
590,4,7742,5.77,44704.0,1,4.48,0
589,3,7742,5.77,44704.0,1,4.48,0
588,2,7742,5.77,44704.0,1,4.48,0
587,1,8294,5.39,44743.0,1,4.48,0
591,0,7945,10.84,86152.0,1,4.48,0
592,1,7945,10.84,86152.0,1,4.48,0
593,2,7945,10.84,86152.0,1,4.48,0
595,4,7945,10.84,86152.0,1,4.48,0
594,3,7945,10.84,86152.0,1,4.48,0
596,0,7421,6.99,51867.0,1,4.48,0
597,1,7629,9.04,69001.0,1,4.48,0
599,3,7629,9.04,69001.0,1,4.48,0
600,4,7629,9.04,69001.0,1,4.48,0
598,2,7629,9.04,69001.0,1,4.48,0
602,1,7797,5.3,41286.0,1,4.48,0
604,3,7797,5.3,41286.0,1,4.48,0
603,2,7797,5.3,41286.0,1,4.48,0
605,4,7797,5.3,41286.0,1,4.48,0
601,0,7797,5.3,41286.0,1,4.48,0
608,2,7640,6.69,51147.0,1,4.48,0
609,3,7640,6.69,51147.0,1,4.48,0
606,0,7640,6.69,51147.0,1,4.48,0
610,4,7640,6.69,51147.0,1,4.48,0
607,1,7640,6.69,51147.0,1,4.48,0
611,0,7816,6.84,53497.0,1,4.48,0
613,2,7971,8.14,64880.0,1,4.48,0
612,1,7971,8.14,64880.0,1,4.48,0
615,4,7971,8.14,64880.0,1,4.48,0
614,3,7971,8.14,64880.0,1,4.48,0
616,0,7790,7.24,56419.0,1,4.48,0
617,1,7790,7.24,56419.0,1,4.48,0
618,2,7790,7.24,56419.0,1,4.48,0
619,3,7790,7.24,56419.0,1,4.48,0
620,4,7790,7.24,56419.0,1,4.48,0
622,1,7663,6.5,49817.0,1,4.48,0
625,4,7663,6.5,49817.0,1,4.48,0
623,2,7663,6.5,49817.0,1,4.48,0
621,0,7663,6.5,49817.0,1,4.48,0
624,3,7663,6.5,49817.0,1,4.48,0
627,1,8131,8.31,67571.0,1,4.48,0
628,2,8131,8.31,67571.0,1,4.48,0
629,3,8131,8.31,67571.0,1,4.48,0
630,4,8131,8.31,67571.0,1,4.48,0
632,1,8406,5.16,43362.0,1,4.48,0
634,3,8406,5.16,43362.0,1,4.48,0
631,0,8406,5.16,43362.0,1,4.48,0
635,4,8406,5.16,43362.0,1,4.48,0
633,2,8406,5.16,43362.0,1,4.48,0
636,0,8017,7.07,56654.0,1,4.48,0
638,2,8017,7.07,56654.0,1,4.48,0
639,3,8017,7.07,56654.0,1,4.48,0
637,1,8017,7.07,56654.0,1,4.48,0
640,4,8017,7.07,56654.0,1,4.48,0
642,1,7877,6.11,48103.0,1,4.48,0
641,0,7877,6.11,48103.0,1,4.48,0
643,2,7877,6.11,48103.0,1,4.48,0
645,4,7877,6.11,48103.0,1,4.48,0
644,3,7877,6.11,48103.0,1,4.48,0
646,0,7883,5.83,45935.0,1,4.48,0
647,1,8329,7.53,62715.0,1,4.48,0
648,2,8329,7.53,62715.0,1,4.48,0
649,3,8329,7.53,62715.0,1,4.48,0
650,4,8329,7.53,62715.0,1,4.48,0
653,2,7876,5.89,46385.0,1,4.48,0
652,1,7876,5.89,46385.0,1,4.48,0
655,4,7876,5.89,46385.0,1,4.48,0
654,3,7876,5.89,46385.0,1,4.48,0
651,0,8298,8.76,72695.0,1,4.48,0
656,0,8139,6.23,50734.0,1,4.48,0
658,2,8318,6.29,52342.0,1,4.48,0
657,1,8318,6.29,52342.0,1,4.48,0
659,3,8318,6.29,52342.0,1,4.48,0
660,4,8318,6.29,52342.0,1,4.48,0
661,0,7882,6.5,51200.0,1,4.48,0
663,2,7882,6.5,51200.0,1,4.48,0
664,3,7882,6.5,51200.0,1,4.48,0
665,4,7882,6.5,51200.0,1,4.48,0
662,1,7882,6.5,51200.0,1,4.48,0
667,1,7698,4.96,38216.0,1,4.48,0
666,0,7698,4.96,38216.0,1,4.48,0
668,2,7698,4.96,38216.0,1,4.48,0
670,4,7698,4.96,38216.0,1,4.48,0
669,3,7698,4.96,38216.0,1,4.48,0
671,0,7595,6.87,52162.0,1,4.48,0
673,2,7595,6.87,52162.0,1,4.48,0
672,1,7595,6.87,52162.0,1,4.48,0
674,3,7595,6.87,52162.0,1,4.48,0
675,4,7595,6.87,52162.0,1,4.48,0
677,1,7103,7.64,54300.0,1,4.48,0
678,2,7103,7.64,54300.0,1,4.48,0
676,0,7103,7.64,54300.0,1,4.48,0
680,4,7103,7.64,54300.0,1,4.48,0
679,3,7103,7.64,54300.0,1,4.48,0
681,0,8231,6.5,53482.0,1,4.48,0
682,1,8231,6.5,53482.0,1,4.48,0
683,2,8231,6.5,53482.0,1,4.48,0
684,3,8231,6.5,53482.0,1,4.48,0
685,4,8231,6.5,53482.0,1,4.48,0
687,1,7922,6.76,53534.0,1,4.48,0
690,4,7922,6.76,53534.0,1,4.48,0
689,3,7922,6.76,53534.0,1,4.48,0
688,2,7922,6.76,53534.0,1,4.48,0
686,0,8237,9.14,75314.0,1,4.48,0
692,1,7437,5.9,43863.0,1,4.48,0
691,0,7437,5.9,43863.0,1,4.48,0
693,2,7437,5.9,43863.0,1,4.48,0
694,3,7437,5.9,43863.0,1,4.48,0
695,4,7437,5.9,43863.0,1,4.48,0
697,1,3693,4.09,15103.0,1,4.48,0
700,4,3693,4.09,15103.0,1,4.48,0
699,3,3693,4.09,15103.0,1,4.48,0
696,0,3693,4.09,15103.0,1,4.48,0
698,2,3693,4.09,15103.0,1,4.48,0
702,1,7830,7.09,55480.0,1,4.48,0
701,0,7830,7.09,55480.0,1,4.48,0
704,3,7830,7.09,55480.0,1,4.48,0
705,4,7830,7.09,55480.0,1,4.48,0
703,2,7830,7.09,55480.0,1,4.48,0
707,1,3690,4.79,17683.0,1,4.48,0
708,2,3690,4.79,17683.0,1,4.48,0
710,4,3690,4.79,17683.0,1,4.48,0
709,3,3690,4.79,17683.0,1,4.48,0
706,0,7713,6.11,47109.0,1,4.48,0
712,1,7961,10.77,85733.0,1,4.48,0
711,0,7961,10.77,85733.0,1,4.48,0
713,2,7961,10.77,85733.0,1,4.48,0
714,3,7961,10.77,85733.0,1,4.48,0
715,4,7961,10.77,85733.0,1,4.48,0
716,0,7614,12.14,92418.0,1,4.48,0
717,1,7614,12.14,92418.0,1,4.48,0
718,2,7614,12.14,92418.0,1,4.48,0
719,3,7614,12.14,92418.0,1,4.48,0
720,4,7614,12.14,92418.0,1,4.48,0
722,1,7615,6.59,50184.0,1,4.48,0
721,0,7615,6.59,50184.0,1,4.48,0
723,2,7615,6.59,50184.0,1,4.48,0
724,3,7615,6.59,50184.0,1,4.48,0
725,4,7615,6.59,50184.0,1,4.48,0
726,0,7574,10.88,82386.0,1,4.48,0
730,4,7574,10.88,82386.0,1,4.48,0
727,1,7574,10.88,82386.0,1,4.48,0
728,2,7574,10.88,82386.0,1,4.48,0
729,3,7574,10.88,82386.0,1,4.48,0
734,3,7455,5.59,41674.0,1,4.48,0
735,4,7455,5.59,41674.0,1,4.48,0
733,2,7455,5.59,41674.0,1,4.48,0
732,1,7455,5.59,41674.0,1,4.48,0
731,0,7725,10.93,84468.0,1,4.48,0
737,1,8423,6.78,57092.0,1,4.48,0
738,2,8423,6.78,57092.0,1,4.48,0
736,0,8423,6.78,57092.0,1,4.48,0
739,3,8423,6.78,57092.0,1,4.48,0
740,4,8423,6.78,57092.0,1,4.48,0
741,0,7731,6.7,51784.0,1,4.48,0
742,1,7731,6.7,51784.0,1,4.48,0
744,3,7731,6.7,51784.0,1,4.48,0
743,2,7731,6.7,51784.0,1,4.48,0
745,4,7731,6.7,51784.0,1,4.48,0
746,0,7628,5.59,42646.0,1,4.48,0
747,1,7940,6.53,51869.0,1,4.48,0
748,2,7940,6.53,51869.0,1,4.48,0
750,4,7940,6.53,51869.0,1,4.48,0
749,3,7940,6.53,51869.0,1,4.48,0
753,2,8955,9.76,87388.0,1,4.48,0
755,4,8955,9.76,87388.0,1,4.48,0
751,0,8955,9.76,87388.0,1,4.48,0
754,3,8955,9.76,87388.0,1,4.48,0
752,1,8955,9.76,87388.0,1,4.48,0
757,1,8229,7.45,61340.0,1,4.48,0
756,0,8229,7.45,61340.0,1,4.48,0
760,4,8229,7.45,61340.0,1,4.48,0
759,3,8229,7.45,61340.0,1,4.48,0
758,2,8229,7.45,61340.0,1,4.48,0
764,3,7416,6.66,49400.0,1,4.48,0
762,1,7416,6.66,49400.0,1,4.48,0
763,2,7416,6.66,49400.0,1,4.48,0
765,4,7416,6.66,49400.0,1,4.48,0
761,0,7416,6.66,49400.0,1,4.48,0
768,2,8006,6.13,49114.0,1,4.48,0
766,0,8006,6.13,49114.0,1,4.48,0
767,1,8006,6.13,49114.0,1,4.48,0
769,3,8006,6.13,49114.0,1,4.48,0
770,4,8006,6.13,49114.0,1,4.48,0
772,1,7765,5.54,43035.0,1,4.48,0
771,0,7765,5.54,43035.0,1,4.48,0
774,3,7765,5.54,43035.0,1,4.48,0
773,2,7765,5.54,43035.0,1,4.48,0
775,4,7765,5.54,43035.0,1,4.48,0
780,4,7627,5.6,42703.0,1,4.48,0
777,1,7627,5.6,42703.0,1,4.48,0
778,2,7627,5.6,42703.0,1,4.48,0
779,3,7627,5.6,42703.0,1,4.48,0
781,0,7836,4.7,36814.0,1,4.48,0
783,2,7962,8.14,64777.0,1,4.48,0
782,1,7962,8.14,64777.0,1,4.48,0
785,4,7962,8.14,64777.0,1,4.48,0
784,3,7962,8.14,64777.0,1,4.48,0
786,0,7899,7.74,61169.0,1,4.48,0
789,3,7899,7.74,61169.0,1,4.48,0
788,2,7899,7.74,61169.0,1,4.48,0
790,4,7899,7.74,61169.0,1,4.48,0
787,1,7899,7.74,61169.0,1,4.48,0
793,2,7630,6.11,46627.0,1,4.48,0
792,1,7630,6.11,46627.0,1,4.48,0
791,0,7630,6.11,46627.0,1,4.48,0
795,4,7630,6.11,46627.0,1,4.48,0
794,3,7630,6.11,46627.0,1,4.48,0
798,2,7974,11.86,94536.0,1,4.48,0
796,0,7974,11.86,94536.0,1,4.48,0
799,3,7974,11.86,94536.0,1,4.48,0
800,4,7974,11.86,94536.0,1,4.48,0
797,1,7974,11.86,94536.0,1,4.48,0
802,1,7531,7.36,55408.0,1,4.48,0
804,3,7531,7.36,55408.0,1,4.48,0
801,0,7531,7.36,55408.0,1,4.48,0
803,2,7531,7.36,55408.0,1,4.48,0
805,4,7531,7.36,55408.0,1,4.48,0
806,0,7815,9.71,75852.0,1,4.48,0
807,1,7815,9.71,75852.0,1,4.48,0
808,2,7815,9.71,75852.0,1,4.48,0
810,4,7815,9.71,75852.0,1,4.48,0
809,3,7815,9.71,75852.0,1,4.48,0
811,0,7454,7.62,56815.0,1,4.48,0
812,1,7454,7.62,56815.0,1,4.48,0
813,2,7454,7.62,56815.0,1,4.48,0
814,3,7454,7.62,56815.0,1,4.48,0
815,4,7454,7.62,56815.0,1,4.48,0
816,0,7987,7.65,61104.0,1,4.48,0
819,3,7987,7.65,61104.0,1,4.48,0
818,2,7987,7.65,61104.0,1,4.48,0
817,1,7987,7.65,61104.0,1,4.48,0
820,4,7987,7.65,61104.0,1,4.48,0
821,0,7892,8.46,66740.0,1,4.48,0
823,2,7892,8.46,66740.0,1,4.48,0
822,1,7892,8.46,66740.0,1,4.48,0
824,3,7892,8.46,66740.0,1,4.48,0
825,4,7892,8.46,66740.0,1,4.48,0
828,2,7978,9.69,77271.0,1,4.48,0
829,3,7978,9.69,77271.0,1,4.48,0
830,4,7978,9.69,77271.0,1,4.48,0
827,1,7978,9.69,77271.0,1,4.48,0
826,0,7978,9.69,77271.0,1,4.48,0
831,0,7877,11.16,87888.0,1,4.48,0
832,1,7877,11.16,87888.0,1,4.48,0
834,3,7877,11.16,87888.0,1,4.48,0
833,2,7877,11.16,87888.0,1,4.48,0
835,4,7877,11.16,87888.0,1,4.48,0
836,0,8195,7.89,64676.0,1,4.48,0
839,3,8377,5.88,49290.0,1,4.48,0
838,2,8377,5.88,49290.0,1,4.48,0
837,1,8377,5.88,49290.0,1,4.48,0
840,4,8377,5.88,49290.0,1,4.48,0
841,0,7560,6.16,46595.0,1,4.48,0
843,2,7560,6.16,46595.0,1,4.48,0
842,1,7560,6.16,46595.0,1,4.48,0
845,4,7560,6.16,46595.0,1,4.48,0
844,3,7560,6.16,46595.0,1,4.48,0
847,1,7630,7.53,57424.0,1,4.48,0
849,3,7630,7.53,57424.0,1,4.48,0
846,0,7630,7.53,57424.0,1,4.48,0
848,2,7630,7.53,57424.0,1,4.48,0
850,4,7630,7.53,57424.0,1,4.48,0
853,2,7731,7.75,59888.0,1,4.48,0
852,1,7731,7.75,59888.0,1,4.48,0
854,3,7731,7.75,59888.0,1,4.48,0
855,4,7731,7.75,59888.0,1,4.48,0
851,0,7834,5.34,41835.0,1,4.48,0
856,0,8013,4.69,37549.0,1,4.48,0
858,2,8013,4.69,37549.0,1,4.48,0
859,3,8013,4.69,37549.0,1,4.48,0
857,1,8013,4.69,37549.0,1,4.48,0
860,4,8013,4.69,37549.0,1,4.48,0
861,0,7738,11.41,88286.0,1,4.48,0
862,1,7976,5.63,44941.0,1,4.48,0
863,2,7976,5.63,44941.0,1,4.48,0
864,3,7976,5.63,44941.0,1,4.48,0
865,4,7976,5.63,44941.0,1,4.48,0
866,0,7806,7.34,57306.0,1,4.48,0
867,1,7806,7.34,57306.0,1,4.48,0
868,2,7806,7.34,57306.0,1,4.48,0
869,3,7806,7.34,57306.0,1,4.48,0
870,4,7806,7.34,57306.0,1,4.48,0
871,0,7373,6.81,50203.0,1,4.48,0
872,1,7373,6.81,50203.0,1,4.48,0
873,2,7373,6.81,50203.0,1,4.48,0
874,3,7373,6.81,50203.0,1,4.48,0
875,4,7373,6.81,50203.0,1,4.48,0
876,0,7638,9.15,69914.0,1,4.48,0
878,2,7745,8.05,62361.0,1,4.48,0
877,1,7745,8.05,62361.0,1,4.48,0
879,3,7745,8.05,62361.0,1,4.48,0
880,4,7745,8.05,62361.0,1,4.48,0
883,2,8371,9.6,80343.0,1,4.48,0
882,1,8371,9.6,80343.0,1,4.48,0
885,4,8371,9.6,80343.0,1,4.48,0
881,0,8371,9.6,80343.0,1,4.48,0
884,3,8371,9.6,80343.0,1,4.48,0
889,3,7495,5.92,44375.0,1,4.48,0
887,1,7495,5.92,44375.0,1,4.48,0
888,2,7495,5.92,44375.0,1,4.48,0
890,4,7495,5.92,44375.0,1,4.48,0
886,0,7918,6.75,53478.0,1,4.48,0
894,3,7898,6.75,53302.0,1,4.48,0
895,4,7898,6.75,53302.0,1,4.48,0
893,2,7898,6.75,53302.0,1,4.48,0
891,0,7971,8.7,69385.0,1,4.48,0
898,2,8330,9.84,81934.0,1,4.48,0
897,1,8330,9.84,81934.0,1,4.48,0
896,0,8330,9.84,81934.0,1,4.48,0
900,4,8330,9.84,81934.0,1,4.48,0
899,3,8330,9.84,81934.0,1,4.48,0
903,2,8192,6.96,57023.0,1,4.48,0
901,0,8192,6.96,57023.0,1,4.48,0
905,4,8192,6.96,57023.0,1,4.48,0
902,1,8192,6.96,57023.0,1,4.48,0
904,3,8192,6.96,57023.0,1,4.48,0
907,1,7941,6.55,52040.0,1,4.48,0
906,0,7941,6.55,52040.0,1,4.48,0
908,2,7941,6.55,52040.0,1,4.48,0
909,3,7941,6.55,52040.0,1,4.48,0
910,4,7941,6.55,52040.0,1,4.48,0
914,3,7796,8.39,65400.0,1,4.48,0
911,0,7796,8.39,65400.0,1,4.48,0
912,1,7796,8.39,65400.0,1,4.48,0
913,2,7796,8.39,65400.0,1,4.48,0
915,4,7796,8.39,65400.0,1,4.48,0
916,0,7958,11.39,90657.0,1,4.48,0
917,1,7958,11.39,90657.0,1,4.48,0
918,2,7958,11.39,90657.0,1,4.48,0
920,4,7958,11.39,90657.0,1,4.48,0
919,3,7958,11.39,90657.0,1,4.48,0
922,1,7876,7.29,57407.0,1,4.48,0
925,4,7876,7.29,57407.0,1,4.48,0
923,2,7876,7.29,57407.0,1,4.48,0
921,0,7876,7.29,57407.0,1,4.48,0
924,3,7876,7.29,57407.0,1,4.48,0
926,0,7854,8.82,69287.0,1,4.48,0
929,3,7950,7.75,61577.0,1,4.48,0
927,1,7950,7.75,61577.0,1,4.48,0
930,4,7950,7.75,61577.0,1,4.48,0
928,2,7950,7.75,61577.0,1,4.48,0
932,1,7644,6.07,46367.0,1,4.48,0
933,2,7644,6.07,46367.0,1,4.48,0
934,3,7644,6.07,46367.0,1,4.48,0
935,4,7644,6.07,46367.0,1,4.48,0
931,0,7694,9.08,69891.0,1,4.48,0
937,1,7470,8.83,65940.0,1,4.48,0
940,4,7470,8.83,65940.0,1,4.48,0
938,2,7470,8.83,65940.0,1,4.48,0
936,0,7470,8.83,65940.0,1,4.48,0
939,3,7470,8.83,65940.0,1,4.48,0
941,0,7847,9.62,75517.0,1,4.48,0
943,2,7847,9.62,75517.0,1,4.48,0
945,4,7847,9.62,75517.0,1,4.48,0
942,1,7847,9.62,75517.0,1,4.48,0
944,3,7847,9.62,75517.0,1,4.48,0
948,2,7906,7.34,58064.0,1,4.48,0
949,3,7906,7.34,58064.0,1,4.48,0
947,1,7906,7.34,58064.0,1,4.48,0
946,0,7951,8.94,71069.0,1,4.48,0
950,4,7906,7.34,58064.0,1,4.48,0
952,1,7798,8.1,63171.0,1,4.48,0
953,2,7798,8.1,63171.0,1,4.48,0
955,4,7798,8.1,63171.0,1,4.48,0
954,3,7798,8.1,63171.0,1,4.48,0
951,0,7798,8.1,63171.0,1,4.48,0
957,1,8299,8.7,72191.0,1,4.48,0
958,2,8299,8.7,72191.0,1,4.48,0
959,3,8299,8.7,72191.0,1,4.48,0
956,0,8299,8.7,72191.0,1,4.48,0
960,4,8299,8.7,72191.0,1,4.48,0
962,1,7884,9.68,76355.0,1,4.48,0
963,2,7884,9.68,76355.0,1,4.48,0
964,3,7884,9.68,76355.0,1,4.48,0
965,4,7884,9.68,76355.0,1,4.48,0
961,0,8326,9.32,77606.0,1,4.48,0
966,0,7789,11.37,88595.0,1,4.48,0
968,2,8331,6.04,50288.0,1,4.48,0
970,4,8331,6.04,50288.0,1,4.48,0
967,1,8331,6.04,50288.0,1,4.48,0
969,3,8331,6.04,50288.0,1,4.48,0
971,0,8374,6.88,57653.0,1,4.48,0
973,2,8374,6.88,57653.0,1,4.48,0
972,1,8374,6.88,57653.0,1,4.48,0
974,3,8374,6.88,57653.0,1,4.48,0
975,4,8374,6.88,57653.0,1,4.48,0
976,0,8196,6.36,52090.0,1,4.48,0
978,2,8285,5.56,46075.0,1,4.48,0
979,3,8285,5.56,46075.0,1,4.48,0
980,4,8285,5.56,46075.0,1,4.48,0
977,1,8285,5.56,46075.0,1,4.48,0
981,0,7983,5.98,47702.0,1,4.48,0
984,3,7983,5.98,47702.0,1,4.48,0
982,1,7983,5.98,47702.0,1,4.48,0
983,2,7983,5.98,47702.0,1,4.48,0
985,4,7983,5.98,47702.0,1,4.48,0
986,0,7712,7.0,54005.0,1,4.48,0
988,2,7712,7.0,54005.0,1,4.48,0
987,1,7712,7.0,54005.0,1,4.48,0
990,4,7712,7.0,54005.0,1,4.48,0
989,3,7712,7.0,54005.0,1,4.48,0
991,0,8271,9.94,82209.0,1,4.48,0
992,1,8271,9.94,82209.0,1,4.48,0
994,3,8271,9.94,82209.0,1,4.48,0
993,2,8271,9.94,82209.0,1,4.48,0
995,4,8271,9.94,82209.0,1,4.48,0
996,0,7514,9.61,72192.0,1,4.48,0
999,3,8039,10.07,80987.0,1,4.48,0
998,2,8039,10.07,80987.0,1,4.48,0
1000,4,8039,10.07,80987.0,1,4.48,0
997,1,8039,10.07,80987.0,1,4.48,0
1001,0,7834,9.43,73913.0,1,4.48,0
1003,2,8377,6.71,56169.0,1,4.48,0
1004,3,8377,6.71,56169.0,1,4.48,0
1005,4,8377,6.71,56169.0,1,4.48,0
1002,1,8377,6.71,56169.0,1,4.48,0
1006,0,7344,6.3,46294.0,1,4.48,0
1008,2,7344,6.3,46294.0,1,4.48,0
1007,1,7344,6.3,46294.0,1,4.48,0
1010,4,7344,6.3,46294.0,1,4.48,0
1009,3,7344,6.3,46294.0,1,4.48,0
1011,0,8232,10.66,87767.0,1,4.48,0
1014,3,8232,10.66,87767.0,1,4.48,0
1012,1,8232,10.66,87767.0,1,4.48,0
1015,4,8232,10.66,87767.0,1,4.48,0
1013,2,8232,10.66,87767.0,1,4.48,0
1017,1,7622,9.96,75951.0,1,4.48,0
1018,2,7622,9.96,75951.0,1,4.48,0
1019,3,7622,9.96,75951.0,1,4.48,0
1020,4,7622,9.96,75951.0,1,4.48,0
1021,0,7695,10.26,78922.0,1,4.48,0
1023,2,7695,10.26,78922.0,1,4.48,0
1024,3,7695,10.26,78922.0,1,4.48,0
1022,1,7695,10.26,78922.0,1,4.48,0
1025,4,7695,10.26,78922.0,1,4.48,0
1028,2,7979,5.93,47349.0,1,4.48,0
1027,1,7979,5.93,47349.0,1,4.48,0
1029,3,7979,5.93,47349.0,1,4.48,0
1026,0,7979,5.93,47349.0,1,4.48,0
1030,4,7979,5.93,47349.0,1,4.48,0
1032,1,7761,8.22,63808.0,1,4.48,0
1035,4,7761,8.22,63808.0,1,4.48,0
1033,2,7761,8.22,63808.0,1,4.48,0
1034,3,7761,8.22,63808.0,1,4.48,0
1031,0,7761,8.22,63808.0,1,4.48,0
1037,1,7746,8.33,64538.0,1,4.48,0
1038,2,7746,8.33,64538.0,1,4.48,0
1039,3,7746,8.33,64538.0,1,4.48,0
1036,0,7805,8.82,68820.0,1,4.48,0
1040,4,7746,8.33,64538.0,1,4.48,0
1041,0,7808,6.27,48976.0,1,4.48,0
1042,1,7808,6.27,48976.0,1,4.48,0
1043,2,7808,6.27,48976.0,1,4.48,0
1044,3,7808,6.27,48976.0,1,4.48,0
1045,4,7808,6.27,48976.0,1,4.48,0
1046,0,8232,9.14,75208.0,1,4.48,0
1048,2,8232,9.14,75208.0,1,4.48,0
1049,3,8232,9.14,75208.0,1,4.48,0
1047,1,8232,9.14,75208.0,1,4.48,0
1050,4,8232,9.14,75208.0,1,4.48,0
1053,2,7765,6.6,51249.0,1,4.48,0
1055,4,7765,6.6,51249.0,1,4.48,0
1054,3,7765,6.6,51249.0,1,4.48,0
1052,1,7765,6.6,51249.0,1,4.48,0
1051,0,7966,7.85,62509.0,1,4.48,0
1058,2,7421,5.92,43947.0,1,4.48,0
1056,0,7421,5.92,43947.0,1,4.48,0
1059,3,7421,5.92,43947.0,1,4.48,0
1057,1,7421,5.92,43947.0,1,4.48,0
1060,4,7421,5.92,43947.0,1,4.48,0
1063,2,8275,6.49,53699.0,1,4.48,0
1061,0,8275,6.49,53699.0,1,4.48,0
1062,1,8275,6.49,53699.0,1,4.48,0
1064,3,8275,6.49,53699.0,1,4.48,0
1065,4,8275,6.49,53699.0,1,4.48,0
1066,0,7877,5.72,45087.0,1,4.48,0
1068,2,7877,5.72,45087.0,1,4.48,0
1067,1,7877,5.72,45087.0,1,4.48,0
1070,4,7877,5.72,45087.0,1,4.48,0
1069,3,7877,5.72,45087.0,1,4.48,0
1071,0,7874,6.01,47317.0,1,4.48,0
1073,2,7874,6.01,47317.0,1,4.48,0
1072,1,7874,6.01,47317.0,1,4.48,0
1074,3,7874,6.01,47317.0,1,4.48,0
1075,4,7874,6.01,47317.0,1,4.48,0
1076,0,7645,6.42,49060.0,1,4.48,0
1077,1,8303,9.49,78816.0,1,4.48,0
1078,2,8303,9.49,78816.0,1,4.48,0
1080,4,8303,9.49,78816.0,1,4.48,0
1079,3,8303,9.49,78816.0,1,4.48,0
1081,0,7624,6.63,50561.0,1,4.48,0
1082,1,7624,6.63,50561.0,1,4.48,0
1083,2,7624,6.63,50561.0,1,4.48,0
1084,3,7624,6.63,50561.0,1,4.48,0
1085,4,7624,6.63,50561.0,1,4.48,0
1087,1,7538,7.41,55857.0,1,4.48,0
1086,0,7538,7.41,55857.0,1,4.48,0
1089,3,7538,7.41,55857.0,1,4.48,0
1088,2,7538,7.41,55857.0,1,4.48,0
1090,4,7538,7.41,55857.0,1,4.48,0
1093,2,7658,8.47,64845.0,1,4.48,0
1092,1,7658,8.47,64845.0,1,4.48,0
1094,3,7658,8.47,64845.0,1,4.48,0
1091,0,7658,8.47,64845.0,1,4.48,0
1095,4,7658,8.47,64845.0,1,4.48,0
1096,0,3374,6.06,20455.0,1,4.48,0
1097,1,7963,7.43,59150.0,1,4.48,0
1100,4,7963,7.43,59150.0,1,4.48,0
1099,3,7963,7.43,59150.0,1,4.48,0
1098,2,7963,7.43,59150.0,1,4.48,0
1101,0,7877,12.67,99839.0,1,4.48,0
1103,2,7877,12.67,99839.0,1,4.48,0
1104,3,7877,12.67,99839.0,1,4.48,0
1105,4,7877,12.67,99839.0,1,4.48,0
1102,1,7877,12.67,99839.0,1,4.48,0
1109,3,7423,12.83,95219.0,1,4.48,0
1108,2,7423,12.83,95219.0,1,4.48,0
1110,4,7423,12.83,95219.0,1,4.48,0
1106,0,7660,10.99,84184.0,1,4.48,0
1107,1,7660,10.99,84184.0,1,4.48,0
1114,3,8351,7.01,58533.0,1,4.48,0
1112,1,8351,7.01,58533.0,1,4.48,0
1111,0,8351,7.01,58533.0,1,4.48,0
1115,4,8351,7.01,58533.0,1,4.48,0
1113,2,8351,7.01,58533.0,1,4.48,0
1119,3,7645,9.1,69601.0,1,4.48,0
1117,1,7645,9.1,69601.0,1,4.48,0
1120,4,7645,9.1,69601.0,1,4.48,0
1118,2,7645,9.1,69601.0,1,4.48,0
1121,0,8204,8.9,73050.0,1,4.48,0
1123,2,8204,8.9,73050.0,1,4.48,0
1122,1,8204,8.9,73050.0,1,4.48,0
1124,3,8204,8.9,73050.0,1,4.48,0
1125,4,8204,8.9,73050.0,1,4.48,0
1126,0,8237,10.42,85792.0,1,4.48,0
1127,1,8237,10.42,85792.0,1,4.48,0
1128,2,8237,10.42,85792.0,1,4.48,0
1129,3,8237,10.42,85792.0,1,4.48,0
1130,4,8237,10.42,85792.0,1,4.48,0
1131,0,8455,8.15,68919.0,1,4.48,0
1132,1,8455,8.15,68919.0,1,4.48,0
1133,2,8455,8.15,68919.0,1,4.48,0
1134,3,8455,8.15,68919.0,1,4.48,0
1135,4,8455,8.15,68919.0,1,4.48,0
1138,2,7676,6.48,49704.0,1,4.48,0
1137,1,7676,6.48,49704.0,1,4.48,0
1136,0,7676,6.48,49704.0,1,4.48,0
1139,3,7676,6.48,49704.0,1,4.48,0
1140,4,7676,6.48,49704.0,1,4.48,0
1142,1,7821,7.85,61361.0,1,4.48,0
1141,0,7821,7.85,61361.0,1,4.48,0
1143,2,7821,7.85,61361.0,1,4.48,0
1144,3,7821,7.85,61361.0,1,4.48,0
1145,4,7821,7.85,61361.0,1,4.48,0
1146,0,7498,6.23,46728.0,1,4.48,0
1148,2,7498,6.23,46728.0,1,4.48,0
1147,1,7498,6.23,46728.0,1,4.48,0
1150,4,7498,6.23,46728.0,1,4.48,0
1149,3,7498,6.23,46728.0,1,4.48,0
1152,1,8327,8.41,69993.0,1,4.48,0
1151,0,8327,8.41,69993.0,1,4.48,0
1153,2,8327,8.41,69993.0,1,4.48,0
1154,3,8327,8.41,69993.0,1,4.48,0
1155,4,8327,8.41,69993.0,1,4.48,0
1157,1,7870,10.5,82665.0,1,4.48,0
1156,0,7870,10.5,82665.0,1,4.48,0
1159,3,7870,10.5,82665.0,1,4.48,0
1160,4,7870,10.5,82665.0,1,4.48,0
1158,2,7870,10.5,82665.0,1,4.48,0
1161,0,7505,8.45,63399.0,1,4.48,0
1165,4,7505,8.45,63399.0,1,4.48,0
1162,1,7505,8.45,63399.0,1,4.48,0
1164,3,7505,8.45,63399.0,1,4.48,0
1163,2,7505,8.45,63399.0,1,4.48,0
1167,1,8303,7.57,62881.0,1,4.48,0
1168,2,8303,7.57,62881.0,1,4.48,0
1169,3,8303,7.57,62881.0,1,4.48,0
1170,4,8303,7.57,62881.0,1,4.48,0
1166,0,8303,7.57,62881.0,1,4.48,0
1171,0,7213,7.13,51441.0,1,4.48,0
1174,3,7213,7.13,51441.0,1,4.48,0
1172,1,7213,7.13,51441.0,1,4.48,0
1173,2,7213,7.13,51441.0,1,4.48,0
1175,4,7213,7.13,51441.0,1,4.48,0
1176,0,7792,5.16,40210.0,1,4.48,0
1178,2,7792,5.16,40210.0,1,4.48,0
1177,1,7792,5.16,40210.0,1,4.48,0
1179,3,7792,5.16,40210.0,1,4.48,0
1180,4,7792,5.16,40210.0,1,4.48,0
1182,1,8121,7.67,62250.0,1,4.48,0
1184,3,8121,7.67,62250.0,1,4.48,0
1183,2,8121,7.67,62250.0,1,4.48,0
1181,0,8121,7.67,62250.0,1,4.48,0
1185,4,8121,7.67,62250.0,1,4.48,0
1188,2,7877,10.46,82356.0,1,4.48,0
1186,0,7877,10.46,82356.0,1,4.48,0
1187,1,7877,10.46,82356.0,1,4.48,0
1190,4,7877,10.46,82356.0,1,4.48,0
1189,3,7877,10.46,82356.0,1,4.48,0
1191,0,8335,9.86,82143.0,1,4.48,0
1193,2,8335,9.86,82143.0,1,4.48,0
1192,1,8335,9.86,82143.0,1,4.48,0
1194,3,8335,9.86,82143.0,1,4.48,0
1195,4,8335,9.86,82143.0,1,4.48,0
1197,1,8190,8.0,65548.0,1,4.48,0
1200,4,8190,8.0,65548.0,1,4.48,0
1199,3,8190,8.0,65548.0,1,4.48,0
1196,0,8190,8.0,65548.0,1,4.48,0
1198,2,8190,8.0,65548.0,1,4.48,0
1202,1,7884,6.11,48154.0,1,4.48,0
1205,4,7884,6.11,48154.0,1,4.48,0
1203,2,7884,6.11,48154.0,1,4.48,0
1204,3,7884,6.11,48154.0,1,4.48,0
1201,0,7976,9.2,73408.0,1,4.48,0
1206,0,8348,6.5,54302.0,1,4.48,0
1208,2,8348,6.5,54302.0,1,4.48,0
1207,1,8348,6.5,54302.0,1,4.48,0
1210,4,8348,6.5,54302.0,1,4.48,0
1209,3,8348,6.5,54302.0,1,4.48,0
1213,2,8270,10.17,84115.0,1,4.48,0
1212,1,8270,10.17,84115.0,1,4.48,0
1215,4,8270,10.17,84115.0,1,4.48,0
1214,3,8270,10.17,84115.0,1,4.48,0
1216,0,7639,7.43,56723.0,2,4.48,0
1217,1,7639,7.43,56723.0,2,4.48,0
1218,2,7639,7.43,56723.0,2,4.48,0
1220,4,7639,7.43,56723.0,2,4.48,0
1219,3,7639,7.43,56723.0,2,4.48,0
1221,0,7306,8.18,59786.0,1,4.48,0
1224,3,7306,8.18,59786.0,1,4.48,0
1222,1,7306,8.18,59786.0,1,4.48,0
1223,2,7306,8.18,59786.0,1,4.48,0
1225,4,7306,8.18,59786.0,1,4.48,0
1227,1,7431,6.27,46607.0,1,4.48,0
1230,4,7431,6.27,46607.0,1,4.48,0
1228,2,7431,6.27,46607.0,1,4.48,0
1226,0,7431,6.27,46607.0,1,4.48,0
1229,3,7431,6.27,46607.0,1,4.48,0
1231,0,7940,6.39,50709.0,1,4.48,0
1233,2,7940,6.39,50709.0,1,4.48,0
1234,3,7940,6.39,50709.0,1,4.48,0
1232,1,7940,6.39,50709.0,1,4.48,0
1235,4,7940,6.39,50709.0,1,4.48,0
1236,0,8240,5.17,42595.0,1,4.48,0
1239,3,8240,5.17,42595.0,1,4.48,0
1238,2,8240,5.17,42595.0,1,4.48,0
1240,4,8240,5.17,42595.0,1,4.48,0
1237,1,8240,5.17,42595.0,1,4.48,0
1241,0,7504,9.1,68282.0,1,4.48,0
1242,1,7504,9.1,68282.0,1,4.48,0
1243,2,7504,9.1,68282.0,1,4.48,0
1244,3,7504,9.1,68282.0,1,4.48,0
1245,4,7504,9.1,68282.0,1,4.48,0
1248,2,7876,10.21,80385.0,1,4.48,0
1246,0,7876,10.21,80385.0,1,4.48,0
1247,1,7876,10.21,80385.0,1,4.48,0
1249,3,7876,10.21,80385.0,1,4.48,0
1250,4,7876,10.21,80385.0,1,4.48,0
1251,0,7439,8.4,62454.0,1,4.48,0
1252,1,7439,8.4,62454.0,1,4.48,0
1253,2,7439,8.4,62454.0,1,4.48,0
1254,3,7439,8.4,62454.0,1,4.48,0
1255,4,7439,8.4,62454.0,1,4.48,0
1257,1,7953,10.15,80691.0,1,4.48,0
1256,0,7953,10.15,80691.0,1,4.48,0
1258,2,7953,10.15,80691.0,1,4.48,0
1260,4,7953,10.15,80691.0,1,4.48,0
1259,3,7953,10.15,80691.0,1,4.48,0
1261,0,7661,6.15,47086.0,1,4.48,0
1262,1,7661,6.15,47086.0,1,4.48,0
1263,2,7661,6.15,47086.0,1,4.48,0
1265,4,7661,6.15,47086.0,1,4.48,0
1264,3,7661,6.15,47086.0,1,4.48,0
1266,0,7972,7.84,62521.0,1,4.48,0
1269,3,7972,7.84,62521.0,1,4.48,0
1268,2,7972,7.84,62521.0,1,4.48,0
1267,1,7972,7.84,62521.0,1,4.48,0
1270,4,7972,7.84,62521.0,1,4.48,0
1272,1,7836,9.12,71478.0,1,4.48,0
1271,0,7836,9.12,71478.0,1,4.48,0
1273,2,7836,9.12,71478.0,1,4.48,0
1275,4,7836,9.12,71478.0,1,4.48,0
1274,3,7836,9.12,71478.0,1,4.48,0
1276,0,7508,7.39,55488.0,1,4.48,0
1279,3,7508,7.39,55488.0,1,4.48,0
1278,2,7508,7.39,55488.0,1,4.48,0
1280,4,7508,7.39,55488.0,1,4.48,0
1277,1,7508,7.39,55488.0,1,4.48,0
1281,0,8362,6.48,54184.0,1,4.48,0
1282,1,8362,6.48,54184.0,1,4.48,0
1283,2,8362,6.48,54184.0,1,4.48,0
1285,4,8362,6.48,54184.0,1,4.48,0
1284,3,8362,6.48,54184.0,1,4.48,0
1287,1,7619,6.4,48733.0,1,4.48,0
1286,0,7619,6.4,48733.0,1,4.48,0
1289,3,7619,6.4,48733.0,1,4.48,0
1290,4,7619,6.4,48733.0,1,4.48,0
1288,2,7619,6.4,48733.0,1,4.48,0
1291,0,7950,6.17,49035.0,1,4.48,0
1294,3,7950,6.17,49035.0,1,4.48,0
1292,1,7950,6.17,49035.0,1,4.48,0
1293,2,7950,6.17,49035.0,1,4.48,0
1295,4,7950,6.17,49035.0,1,4.48,0
1296,0,4734,6.03,28537.0,1,4.48,0
1297,1,7767,11.92,92581.0,1,4.48,0
1298,2,7767,11.92,92581.0,1,4.48,0
1299,3,7767,11.92,92581.0,1,4.48,0
1300,4,7767,11.92,92581.0,1,4.48,0
1301,0,7764,5.95,46224.0,1,4.48,0
1303,2,7764,5.95,46224.0,1,4.48,0
1302,1,7764,5.95,46224.0,1,4.48,0
1305,4,7764,5.95,46224.0,1,4.48,0
1304,3,7764,5.95,46224.0,1,4.48,0
1308,2,7875,11.58,91198.0,1,4.48,0
1306,0,7875,11.58,91198.0,1,4.48,0
1307,1,7875,11.58,91198.0,1,4.48,0
1310,4,7875,11.58,91198.0,1,4.48,0
1309,3,7875,11.58,91198.0,1,4.48,0
1312,1,7944,9.71,77154.0,1,4.48,0
1315,4,7944,9.71,77154.0,1,4.48,0
1314,3,7944,9.71,77154.0,1,4.48,0
1313,2,7944,9.71,77154.0,1,4.48,0
1311,0,8168,7.21,58880.0,1,4.48,0
1319,3,7952,8.6,68365.0,1,4.48,0
1316,0,7952,8.6,68365.0,1,4.48,0
1317,1,7952,8.6,68365.0,1,4.48,0
1318,2,7952,8.6,68365.0,1,4.48,0
1320,4,7952,8.6,68365.0,1,4.48,0
1321,0,7848,6.77,53148.0,1,4.48,0
1323,2,8385,10.8,90521.0,1,4.48,0
1322,1,8385,10.8,90521.0,1,4.48,0
1325,4,8385,10.8,90521.0,1,4.48,0
1324,3,8385,10.8,90521.0,1,4.48,0
1326,0,7582,5.64,42786.0,1,4.48,0
1328,2,7953,7.07,56210.0,1,4.48,0
1327,1,7953,7.07,56210.0,1,4.48,0
1329,3,7953,7.07,56210.0,1,4.48,0
1330,4,7953,7.07,56210.0,1,4.48,0
1332,1,7873,8.2,64554.0,1,4.48,0
1333,2,7873,8.2,64554.0,1,4.48,0
1334,3,7873,8.2,64554.0,1,4.48,0
1335,4,7873,8.2,64554.0,1,4.48,0
1331,0,8194,8.25,67624.0,1,4.48,0
1337,1,7683,6.28,48280.0,1,4.48,0
1336,0,7683,6.28,48280.0,1,4.48,0
1340,4,7683,6.28,48280.0,1,4.48,0
1338,2,7683,6.28,48280.0,1,4.48,0
1339,3,7683,6.28,48280.0,1,4.48,0
1342,1,7945,10.74,85328.0,1,4.48,0
1341,0,7945,10.74,85328.0,1,4.48,0
1343,2,7945,10.74,85328.0,1,4.48,0
1345,4,7945,10.74,85328.0,1,4.48,0
1344,3,7945,10.74,85328.0,1,4.48,0
1346,0,7766,7.17,55679.0,1,4.48,0
1350,4,7766,7.17,55679.0,1,4.48,0
1347,1,7766,7.17,55679.0,1,4.48,0
1349,3,7766,7.17,55679.0,1,4.48,0
1348,2,7766,7.17,55679.0,1,4.48,0
1351,0,8185,8.98,73474.0,1,4.48,0
1353,2,8185,8.98,73474.0,1,4.48,0
1355,4,8185,8.98,73474.0,1,4.48,0
1352,1,8185,8.98,73474.0,1,4.48,0
1354,3,8185,8.98,73474.0,1,4.48,0
1358,2,8267,7.49,61958.0,1,4.48,0
1357,1,8267,7.49,61958.0,1,4.48,0
1356,0,8267,7.49,61958.0,1,4.48,0
1359,3,8267,7.49,61958.0,1,4.48,0
1360,4,8267,7.49,61958.0,1,4.48,0
1361,0,8017,8.88,71166.0,1,4.48,0
1362,1,8017,8.88,71166.0,1,4.48,0
1363,2,8017,8.88,71166.0,1,4.48,0
1364,3,8017,8.88,71166.0,1,4.48,0
1365,4,8017,8.88,71166.0,1,4.48,0
1366,0,8190,6.31,51697.0,1,4.48,0
1367,1,8190,6.31,51697.0,1,4.48,0
1368,2,8190,6.31,51697.0,1,4.48,0
1369,3,8190,6.31,51697.0,1,4.48,0
1370,4,8190,6.31,51697.0,1,4.48,0
1372,1,8332,7.53,62706.0,1,4.48,0
1371,0,8332,7.53,62706.0,1,4.48,0
1373,2,8332,7.53,62706.0,1,4.48,0
1375,4,8332,7.53,62706.0,1,4.48,0
1374,3,8332,7.53,62706.0,1,4.48,0
1376,0,7876,8.88,69953.0,1,4.48,0
1377,1,7876,8.88,69953.0,1,4.48,0
1378,2,7876,8.88,69953.0,1,4.48,0
1379,3,7876,8.88,69953.0,1,4.48,0
1380,4,7876,8.88,69953.0,1,4.48,0
1381,0,7783,6.33,49250.0,1,4.48,0
1382,1,7783,6.33,49250.0,1,4.48,0
1383,2,7783,6.33,49250.0,1,4.48,0
1385,4,7783,6.33,49250.0,1,4.48,0
1384,3,7783,6.33,49250.0,1,4.48,0
1387,1,7948,6.23,49514.0,1,4.48,0
1389,3,7948,6.23,49514.0,1,4.48,0
1390,4,7948,6.23,49514.0,1,4.48,0
1388,2,7948,6.23,49514.0,1,4.48,0
1386,0,7876,9.23,72661.0,1,4.48,0
1393,2,7561,8.34,63075.0,1,4.48,0
1392,1,7561,8.34,63075.0,1,4.48,0
1391,0,7561,8.34,63075.0,1,4.48,0
1394,3,7561,8.34,63075.0,1,4.48,0
1395,4,7561,8.34,63075.0,1,4.48,0
1397,1,7841,6.01,47134.0,1,4.48,0
1396,0,7841,6.01,47134.0,1,4.48,0
1398,2,7841,6.01,47134.0,1,4.48,0
1399,3,7841,6.01,47134.0,1,4.48,0
1400,4,7841,6.01,47134.0,1,4.48,0
1403,2,7535,6.52,49117.0,1,4.48,0
1402,1,7535,6.52,49117.0,1,4.48,0
1401,0,7535,6.52,49117.0,1,4.48,0
1404,3,7535,6.52,49117.0,1,4.48,0
1405,4,7535,6.52,49117.0,1,4.48,0
1407,1,7598,9.03,68589.0,1,4.48,0
1410,4,7598,9.03,68589.0,1,4.48,0
1408,2,7598,9.03,68589.0,1,4.48,0
1409,3,7598,9.03,68589.0,1,4.48,0
1406,0,8146,8.31,67722.0,1,4.48,0
1411,0,7296,7.24,52821.0,1,4.48,0
1413,2,7296,7.24,52821.0,1,4.48,0
1414,3,7296,7.24,52821.0,1,4.48,0
1412,1,7296,7.24,52821.0,1,4.48,0
1415,4,7296,7.24,52821.0,1,4.48,0
1417,1,8178,7.37,60299.0,1,4.48,0
1419,3,8178,7.37,60299.0,1,4.48,0
1418,2,8178,7.37,60299.0,1,4.48,0
1416,0,8178,7.37,60299.0,1,4.48,0
1420,4,8178,7.37,60299.0,1,4.48,0
1422,1,7950,7.5,59635.0,1,4.48,0
1423,2,7950,7.5,59635.0,1,4.48,0
1425,4,7950,7.5,59635.0,1,4.48,0
1424,3,7950,7.5,59635.0,1,4.48,0
1426,0,7612,9.18,69866.0,1,4.48,0
1429,3,7612,9.18,69866.0,1,4.48,0
1428,2,7612,9.18,69866.0,1,4.48,0
1427,1,7612,9.18,69866.0,1,4.48,0
1430,4,7612,9.18,69866.0,1,4.48,0
1433,2,7808,9.26,72313.0,1,4.48,0
1432,1,7808,9.26,72313.0,1,4.48,0
1431,0,7808,9.26,72313.0,1,4.48,0
1435,4,7808,9.26,72313.0,1,4.48,0
1434,3,7808,9.26,72313.0,1,4.48,0
1438,2,7646,7.96,60883.0,1,4.48,0
1437,1,7646,7.96,60883.0,1,4.48,0
1439,3,7646,7.96,60883.0,1,4.48,0
1440,4,7646,7.96,60883.0,1,4.48,0
1436,0,8404,7.32,61552.0,1,4.48,0
1442,1,8033,6.7,53796.0,1,4.48,0
1441,0,8033,6.7,53796.0,1,4.48,0
1443,2,8033,6.7,53796.0,1,4.48,0
1445,4,8033,6.7,53796.0,1,4.48,0
1444,3,8033,6.7,53796.0,1,4.48,0
1449,3,7886,9.98,78724.0,1,4.48,0
1446,0,7886,9.98,78724.0,1,4.48,0
1450,4,7886,9.98,78724.0,1,4.48,0
1447,1,7886,9.98,78724.0,1,4.48,0
1448,2,7886,9.98,78724.0,1,4.48,0
1452,1,8205,10.07,82608.0,1,4.48,0
1453,2,8205,10.07,82608.0,1,4.48,0
1454,3,8205,10.07,82608.0,1,4.48,0
1451,0,8205,10.07,82608.0,1,4.48,0
1455,4,8205,10.07,82608.0,1,4.48,0
1458,2,7319,8.25,60372.0,1,4.48,0
1459,3,7319,8.25,60372.0,1,4.48,0
1457,1,7319,8.25,60372.0,1,4.48,0
1460,4,7319,8.25,60372.0,1,4.48,0
1456,0,8391,6.8,57028.0,1,4.48,0
1463,2,7642,6.65,50835.0,1,4.48,0
1461,0,7642,6.65,50835.0,1,4.48,0
1462,1,7642,6.65,50835.0,1,4.48,0
1464,3,7642,6.65,50835.0,1,4.48,0
1465,4,7642,6.65,50835.0,1,4.48,0
1468,2,7877,7.37,58027.0,1,4.48,0
1469,3,7877,7.37,58027.0,1,4.48,0
1466,0,7877,7.37,58027.0,1,4.48,0
1467,1,7877,7.37,58027.0,1,4.48,0
1470,4,7877,7.37,58027.0,1,4.48,0
1474,3,7540,7.53,56811.0,1,4.48,0
1473,2,7540,7.53,56811.0,1,4.48,0
1472,1,7540,7.53,56811.0,1,4.48,0
1471,0,7540,7.53,56811.0,1,4.48,0
1475,4,7540,7.53,56811.0,1,4.48,0
1478,2,7953,10.6,84275.0,1,4.48,0
1476,0,7953,10.6,84275.0,1,4.48,0
1480,4,7953,10.6,84275.0,1,4.48,0
1477,1,7953,10.6,84275.0,1,4.48,0
1479,3,7953,10.6,84275.0,1,4.48,0
1482,1,7636,6.79,51864.0,1,4.48,0
1481,0,7636,6.79,51864.0,1,4.48,0
1483,2,7636,6.79,51864.0,1,4.48,0
1484,3,7636,6.79,51864.0,1,4.48,0
1485,4,7636,6.79,51864.0,1,4.48,0
1486,0,8040,6.22,49976.0,1,4.48,0
1489,3,8040,6.22,49976.0,1,4.48,0
1487,1,8040,6.22,49976.0,1,4.48,0
1488,2,8040,6.22,49976.0,1,4.48,0
1490,4,8040,6.22,49976.0,1,4.48,0
1491,0,7895,7.87,62112.0,1,4.48,0
1492,1,7895,7.87,62112.0,1,4.48,0
1494,3,7895,7.87,62112.0,1,4.48,0
1493,2,7895,7.87,62112.0,1,4.48,0
1495,4,7895,7.87,62112.0,1,4.48,0
1496,0,7658,5.6,42917.0,1,4.48,0
1497,1,7658,5.6,42917.0,1,4.48,0
1498,2,7658,5.6,42917.0,1,4.48,0
1499,3,7658,5.6,42917.0,1,4.48,0
1500,4,7658,5.6,42917.0,1,4.48,0
